{"data_time": 0.007421544499948141, "eta_seconds": 258.04417114003627, "fast_rcnn/cls_accuracy": 0.62109375, "fast_rcnn/false_negative": 0.717948717948718, "fast_rcnn/fg_cls_accuracy": 0.28205128205128205, "iteration": 19, "loss_box_reg": 0.3797460049390793, "loss_cls": 0.6651603281497955, "loss_mask": 0.6884952187538147, "loss_rpn_cls": 0.025918520987033844, "loss_rpn_loc": 0.006124121835455298, "lr": 1.60675e-05, "mask_rcnn/accuracy": 0.761239674441205, "mask_rcnn/false_negative": 0.005230883246624275, "mask_rcnn/false_positive": 0.6194583062124828, "roi_head/num_bg_samples": 115.25, "roi_head/num_fg_samples": 12.75, "rpn/num_neg_anchors": 252.0, "rpn/num_pos_anchors": 4.0, "time": 0.9215863255001295, "total_loss": 1.7538575639482588}
{"data_time": 0.007446002500046234, "eta_seconds": 239.61244463003368, "fast_rcnn/cls_accuracy": 0.865234375, "fast_rcnn/false_negative": 1.0, "fast_rcnn/fg_cls_accuracy": 0.0, "iteration": 39, "loss_box_reg": 0.4483690559864044, "loss_cls": 0.49956420063972473, "loss_mask": 0.6683827638626099, "loss_rpn_cls": 0.01878819428384304, "loss_rpn_loc": 0.004922406515106559, "lr": 3.2717500000000007e-05, "mask_rcnn/accuracy": 0.6123081673145448, "mask_rcnn/false_negative": 0.0, "mask_rcnn/false_positive": 0.9879807170710271, "roi_head/num_bg_samples": 112.75, "roi_head/num_fg_samples": 15.25, "rpn/num_neg_anchors": 252.75, "rpn/num_pos_anchors": 3.25, "time": 0.9256533274999583, "total_loss": 1.6385063719935715}
{"data_time": 0.006702400999984093, "eta_seconds": 224.65838303995042, "fast_rcnn/cls_accuracy": 0.8984375, "fast_rcnn/false_negative": 1.0, "fast_rcnn/fg_cls_accuracy": 0.0, "iteration": 59, "loss_box_reg": 0.3554519861936569, "loss_cls": 0.3633979707956314, "loss_mask": 0.6266038715839386, "loss_rpn_cls": 0.014809808228164911, "loss_rpn_loc": 0.005593111040070653, "lr": 4.93675e-05, "mask_rcnn/accuracy": 0.6465806019377448, "mask_rcnn/false_negative": 0.0, "mask_rcnn/false_positive": 0.9344591067593533, "roi_head/num_bg_samples": 115.25, "roi_head/num_fg_samples": 12.75, "rpn/num_neg_anchors": 252.25, "rpn/num_pos_anchors": 3.75, "time": 0.9797151514999314, "total_loss": 1.3628891233820468}
{"data_time": 0.007433751500002472, "eta_seconds": 208.90553518996967, "fast_rcnn/cls_accuracy": 0.87890625, "fast_rcnn/false_negative": 1.0, "fast_rcnn/fg_cls_accuracy": 0.0, "iteration": 79, "loss_box_reg": 0.4554133266210556, "loss_cls": 0.30871231853961945, "loss_mask": 0.5462996065616608, "loss_rpn_cls": 0.012409819290041924, "loss_rpn_loc": 0.005714592756703496, "lr": 6.60175e-05, "mask_rcnn/accuracy": 0.7222272837706512, "mask_rcnn/false_negative": 0.0, "mask_rcnn/false_positive": 0.7710375995248092, "roi_head/num_bg_samples": 112.5, "roi_head/num_fg_samples": 15.5, "rpn/num_neg_anchors": 252.25, "rpn/num_pos_anchors": 3.75, "time": 0.9925535029999537, "total_loss": 1.2893916436005384}
{"data_time": 0.007292927999969834, "eta_seconds": 193.65829610005676, "fast_rcnn/cls_accuracy": 0.853515625, "fast_rcnn/false_negative": 1.0, "fast_rcnn/fg_cls_accuracy": 0.0, "iteration": 99, "loss_box_reg": 0.5388342142105103, "loss_cls": 0.27693891525268555, "loss_mask": 0.43172934651374817, "loss_rpn_cls": 0.009939450770616531, "loss_rpn_loc": 0.003551711910404265, "lr": 8.266750000000001e-05, "mask_rcnn/accuracy": 0.8405037690751976, "mask_rcnn/false_negative": 0.000628083599494409, "mask_rcnn/false_positive": 0.4134895153914204, "roi_head/num_bg_samples": 109.25, "roi_head/num_fg_samples": 18.75, "rpn/num_neg_anchors": 252.25, "rpn/num_pos_anchors": 3.75, "time": 0.9972560774999693, "total_loss": 1.2632335904054344}
{"data_time": 0.006945305000272128, "eta_seconds": 174.5271477000324, "fast_rcnn/cls_accuracy": 0.900390625, "fast_rcnn/false_negative": 0.8704318936877076, "fast_rcnn/fg_cls_accuracy": 0.12956810631229235, "iteration": 119, "loss_box_reg": 0.5126402974128723, "loss_cls": 0.2288951575756073, "loss_mask": 0.366041898727417, "loss_rpn_cls": 0.007629471365362406, "loss_rpn_loc": 0.003160431864671409, "lr": 9.93175e-05, "mask_rcnn/accuracy": 0.8976197333772219, "mask_rcnn/false_negative": 0.001751666564128399, "mask_rcnn/false_positive": 0.2777813104783754, "roi_head/num_bg_samples": 110.25, "roi_head/num_fg_samples": 17.75, "rpn/num_neg_anchors": 252.5, "rpn/num_pos_anchors": 3.5, "time": 0.9809841485000561, "total_loss": 1.082903025788255}
{"data_time": 0.0072865764996095095, "eta_seconds": 154.9266368800454, "fast_rcnn/cls_accuracy": 0.953125, "fast_rcnn/false_negative": 0.26013513513513514, "fast_rcnn/fg_cls_accuracy": 0.7398648648648649, "iteration": 139, "loss_box_reg": 0.5324394702911377, "loss_cls": 0.181016206741333, "loss_mask": 0.23286280781030655, "loss_rpn_cls": 0.009877016767859459, "loss_rpn_loc": 0.0027262389194220304, "lr": 0.0001159675, "mask_rcnn/accuracy": 0.9565424798376085, "mask_rcnn/false_negative": 0.004477792628732405, "mask_rcnn/false_positive": 0.11055906047318328, "roi_head/num_bg_samples": 108.0, "roi_head/num_fg_samples": 20.0, "rpn/num_neg_anchors": 252.5, "rpn/num_pos_anchors": 3.5, "time": 0.9457498374999886, "total_loss": 0.9320540201442782}
{"data_time": 0.006912964999855831, "eta_seconds": 135.56080727003973, "fast_rcnn/cls_accuracy": 0.96875, "fast_rcnn/false_negative": 0.08782742681047766, "fast_rcnn/fg_cls_accuracy": 0.9121725731895223, "iteration": 159, "loss_box_reg": 0.5028091073036194, "loss_cls": 0.14969734102487564, "loss_mask": 0.17960459738969803, "loss_rpn_cls": 0.007011048495769501, "loss_rpn_loc": 0.003432014607824385, "lr": 0.0001326175, "mask_rcnn/accuracy": 0.9616997897131826, "mask_rcnn/false_negative": 0.009525041835297305, "mask_rcnn/false_positive": 0.08068632091175176, "roi_head/num_bg_samples": 107.75, "roi_head/num_fg_samples": 20.25, "rpn/num_neg_anchors": 252.25, "rpn/num_pos_anchors": 3.75, "time": 0.970241273000056, "total_loss": 0.8404605070099933}
{"data_time": 0.007781907999969917, "eta_seconds": 115.5924782999864, "fast_rcnn/cls_accuracy": 0.9765625, "fast_rcnn/false_negative": 0.010869565217391304, "fast_rcnn/fg_cls_accuracy": 0.9891304347826086, "iteration": 179, "loss_box_reg": 0.4747616797685623, "loss_cls": 0.09704915434122086, "loss_mask": 0.13538982719182968, "loss_rpn_cls": 0.006637263810262084, "loss_rpn_loc": 0.0032778021413832903, "lr": 0.0001492675, "mask_rcnn/accuracy": 0.9689094387755102, "mask_rcnn/false_negative": 0.0169612611543886, "mask_rcnn/false_positive": 0.049602325846671395, "roi_head/num_bg_samples": 106.0, "roi_head/num_fg_samples": 22.0, "rpn/num_neg_anchors": 252.0, "rpn/num_pos_anchors": 4.0, "time": 0.9486396649999733, "total_loss": 0.7262274220629479}
{"data_time": 0.007248166999943351, "eta_seconds": 96.959526500018, "fast_rcnn/cls_accuracy": 0.98046875, "fast_rcnn/false_negative": 0.0, "fast_rcnn/fg_cls_accuracy": 1.0, "iteration": 199, "loss_box_reg": 0.3273957669734955, "loss_cls": 0.07182391360402107, "loss_mask": 0.10366207361221313, "loss_rpn_cls": 0.0013248826726339757, "loss_rpn_loc": 0.003097801236435771, "lr": 0.0001659175, "mask_rcnn/accuracy": 0.966946823372206, "mask_rcnn/false_negative": 0.017818237813349142, "mask_rcnn/false_positive": 0.03265347663500247, "roi_head/num_bg_samples": 106.0, "roi_head/num_fg_samples": 22.0, "rpn/num_neg_anchors": 252.25, "rpn/num_pos_anchors": 3.75, "time": 1.0382245124999372, "total_loss": 0.5214854330843082}
{"data_time": 0.007322950499883518, "eta_seconds": 77.82136272000571, "fast_rcnn/cls_accuracy": 0.986328125, "fast_rcnn/false_negative": 0.0, "fast_rcnn/fg_cls_accuracy": 1.0, "iteration": 219, "loss_box_reg": 0.24268443882465363, "loss_cls": 0.04976758174598217, "loss_mask": 0.08259270712733269, "loss_rpn_cls": 0.0027812642510980368, "loss_rpn_loc": 0.0037175148027017713, "lr": 0.0001825675, "mask_rcnn/accuracy": 0.9712539480077745, "mask_rcnn/false_negative": 0.024178362768369686, "mask_rcnn/false_positive": 0.039767459868224525, "roi_head/num_bg_samples": 104.5, "roi_head/num_fg_samples": 23.5, "rpn/num_neg_anchors": 253.0, "rpn/num_pos_anchors": 3.0,